{
  "Resources": {
    "helloworldHandlerServiceRole70A158B7": {
      "Type": "AWS::IAM::Role",
      "Properties": {
        "AssumeRolePolicyDocument": {
          "Statement": [
            {
              "Action": "sts:AssumeRole",
              "Effect": "Allow",
              "Principal": {
                "Service": "lambda.amazonaws.com"
              }
            }
          ],
          "Version": "2012-10-17"
        },
        "ManagedPolicyArns": [
          {
            "Fn::Join": [
              "",
              [
                "arn:",
                {
                  "Ref": "AWS::Partition"
                },
                ":iam::aws:policy/service-role/AWSLambdaBasicExecutionRole"
              ]
            ]
          }
        ]
      },
      "Metadata": {
        "aws:cdk:path": "CdkPipelineStack/deploy/DeploymentLambda/helloworldHandler/ServiceRole/Resource"
      }
    },
    "helloworldHandler0AF96F40": {
      "Type": "AWS::Lambda::Function",
      "Properties": {
        "Code": {
          "S3Bucket": {
            "Fn::Sub": "cdk-hnb659fds-assets-${AWS::AccountId}-${AWS::Region}"
          },
          "S3Key": "0a02e1e20299a71e4ea85a8164aaf9905eda40a543b1ce474cdeb4f87c0d9d92.zip"
        },
        "Role": {
          "Fn::GetAtt": [
            "helloworldHandlerServiceRole70A158B7",
            "Arn"
          ]
        },
        "Handler": "helloworld.handler",
        "Runtime": "python3.8"
      },
      "DependsOn": [
        "helloworldHandlerServiceRole70A158B7"
      ],
      "Metadata": {
        "aws:cdk:path": "CdkPipelineStack/deploy/DeploymentLambda/helloworldHandler/Resource",
        "aws:asset:path": "..\\asset.0a02e1e20299a71e4ea85a8164aaf9905eda40a543b1ce474cdeb4f87c0d9d92",
        "aws:asset:property": "Code"
      }
    },
    "CDKMetadata": {
      "Type": "AWS::CDK::Metadata",
      "Properties": {
        "Modules": "aws-cdk=1.84.0,@aws-cdk/assets=1.83.0,@aws-cdk/aws-apigateway=1.83.0,@aws-cdk/aws-apigatewayv2=1.83.0,@aws-cdk/aws-applicationautoscaling=1.83.0,@aws-cdk/aws-autoscaling=1.83.0,@aws-cdk/aws-autoscaling-common=1.83.0,@aws-cdk/aws-autoscaling-hooktargets=1.83.0,@aws-cdk/aws-batch=1.83.0,@aws-cdk/aws-certificatemanager=1.83.0,@aws-cdk/aws-cloudformation=1.83.0,@aws-cdk/aws-cloudfront=1.83.0,@aws-cdk/aws-cloudwatch=1.83.0,@aws-cdk/aws-codebuild=1.83.0,@aws-cdk/aws-codecommit=1.83.0,@aws-cdk/aws-codedeploy=1.83.0,@aws-cdk/aws-codeguruprofiler=1.83.0,@aws-cdk/aws-codegurureviewer=1.83.0,@aws-cdk/aws-codepipeline=1.83.0,@aws-cdk/aws-codepipeline-actions=1.83.0,@aws-cdk/aws-cognito=1.83.0,@aws-cdk/aws-ec2=1.83.0,@aws-cdk/aws-ecr=1.83.0,@aws-cdk/aws-ecr-assets=1.83.0,@aws-cdk/aws-ecs=1.83.0,@aws-cdk/aws-efs=1.83.0,@aws-cdk/aws-elasticloadbalancing=1.83.0,@aws-cdk/aws-elasticloadbalancingv2=1.83.0,@aws-cdk/aws-events=1.83.0,@aws-cdk/aws-events-targets=1.83.0,@aws-cdk/aws-iam=1.83.0,@aws-cdk/aws-kinesis=1.83.0,@aws-cdk/aws-kinesisfirehose=1.83.0,@aws-cdk/aws-kms=1.83.0,@aws-cdk/aws-lambda=1.83.0,@aws-cdk/aws-logs=1.83.0,@aws-cdk/aws-route53=1.83.0,@aws-cdk/aws-route53-targets=1.83.0,@aws-cdk/aws-s3=1.83.0,@aws-cdk/aws-s3-assets=1.83.0,@aws-cdk/aws-sam=1.83.0,@aws-cdk/aws-secretsmanager=1.83.0,@aws-cdk/aws-servicecatalog=1.83.0,@aws-cdk/aws-servicediscovery=1.83.0,@aws-cdk/aws-sns=1.83.0,@aws-cdk/aws-sns-subscriptions=1.83.0,@aws-cdk/aws-sqs=1.83.0,@aws-cdk/aws-ssm=1.83.0,@aws-cdk/aws-stepfunctions=1.83.0,@aws-cdk/cloud-assembly-schema=1.83.0,@aws-cdk/core=1.83.0,@aws-cdk/custom-resources=1.83.0,@aws-cdk/cx-api=1.83.0,@aws-cdk/pipelines=1.83.0,@aws-cdk/region-info=1.83.0,jsii-runtime=Python/3.9.1"
      },
      "Metadata": {
        "aws:cdk:path": "CdkPipelineStack/deploy/DeploymentLambda/CDKMetadata/Default"
      },
      "Condition": "CDKMetadataAvailable"
    }
  },
  "Conditions": {
    "CDKMetadataAvailable": {
      "Fn::Or": [
        {
          "Fn::Or": [
            {
              "Fn::Equals": [
                {
                  "Ref": "AWS::Region"
                },
                "ap-east-1"
              ]
            },
            {
              "Fn::Equals": [
                {
                  "Ref": "AWS::Region"
                },
                "ap-northeast-1"
              ]
            },
            {
              "Fn::Equals": [
                {
                  "Ref": "AWS::Region"
                },
                "ap-northeast-2"
              ]
            },
            {
              "Fn::Equals": [
                {
                  "Ref": "AWS::Region"
                },
                "ap-south-1"
              ]
            },
            {
              "Fn::Equals": [
                {
                  "Ref": "AWS::Region"
                },
                "ap-southeast-1"
              ]
            },
            {
              "Fn::Equals": [
                {
                  "Ref": "AWS::Region"
                },
                "ap-southeast-2"
              ]
            },
            {
              "Fn::Equals": [
                {
                  "Ref": "AWS::Region"
                },
                "ca-central-1"
              ]
            },
            {
              "Fn::Equals": [
                {
                  "Ref": "AWS::Region"
                },
                "cn-north-1"
              ]
            },
            {
              "Fn::Equals": [
                {
                  "Ref": "AWS::Region"
                },
                "cn-northwest-1"
              ]
            },
            {
              "Fn::Equals": [
                {
                  "Ref": "AWS::Region"
                },
                "eu-central-1"
              ]
            }
          ]
        },
        {
          "Fn::Or": [
            {
              "Fn::Equals": [
                {
                  "Ref": "AWS::Region"
                },
                "eu-north-1"
              ]
            },
            {
              "Fn::Equals": [
                {
                  "Ref": "AWS::Region"
                },
                "eu-west-1"
              ]
            },
            {
              "Fn::Equals": [
                {
                  "Ref": "AWS::Region"
                },
                "eu-west-2"
              ]
            },
            {
              "Fn::Equals": [
                {
                  "Ref": "AWS::Region"
                },
                "eu-west-3"
              ]
            },
            {
              "Fn::Equals": [
                {
                  "Ref": "AWS::Region"
                },
                "me-south-1"
              ]
            },
            {
              "Fn::Equals": [
                {
                  "Ref": "AWS::Region"
                },
                "sa-east-1"
              ]
            },
            {
              "Fn::Equals": [
                {
                  "Ref": "AWS::Region"
                },
                "us-east-1"
              ]
            },
            {
              "Fn::Equals": [
                {
                  "Ref": "AWS::Region"
                },
                "us-east-2"
              ]
            },
            {
              "Fn::Equals": [
                {
                  "Ref": "AWS::Region"
                },
                "us-west-1"
              ]
            },
            {
              "Fn::Equals": [
                {
                  "Ref": "AWS::Region"
                },
                "us-west-2"
              ]
            }
          ]
        }
      ]
    }
  },
  "Parameters": {
    "BootstrapVersion": {
      "Type": "AWS::SSM::Parameter::Value<String>",
      "Default": "/cdk-bootstrap/hnb659fds/version",
      "Description": "Version of the CDK Bootstrap resources in this environment, automatically retrieved from SSM Parameter Store."
    }
  },
  "Rules": {
    "CheckBootstrapVersion": {
      "Assertions": [
        {
          "Assert": {
            "Fn::Not": [
              {
                "Fn::Contains": [
                  [
                    "1",
                    "2",
                    "3"
                  ],
                  {
                    "Ref": "BootstrapVersion"
                  }
                ]
              }
            ]
          },
          "AssertDescription": "CDK bootstrap stack version 4 required. Please run 'cdk bootstrap' with a recent version of the CDK CLI."
        }
      ]
    }
  }
}