{
  "version": "7.0.0",
  "files": {
    "0a02e1e20299a71e4ea85a8164aaf9905eda40a543b1ce474cdeb4f87c0d9d92": {
      "source": {
        "path": "..\\asset.0a02e1e20299a71e4ea85a8164aaf9905eda40a543b1ce474cdeb4f87c0d9d92",
        "packaging": "zip"
      },
      "destinations": {
        "current_account-current_region": {
          "bucketName": "cdk-hnb659fds-assets-${AWS::AccountId}-${AWS::Region}",
          "objectKey": "0a02e1e20299a71e4ea85a8164aaf9905eda40a543b1ce474cdeb4f87c0d9d92.zip",
          "assumeRoleArn": "arn:${AWS::Partition}:iam::${AWS::AccountId}:role/cdk-hnb659fds-file-publishing-role-${AWS::AccountId}-${AWS::Region}"
        }
      }
    },
    "122321d3e630e5b4fe4746fc32a65a8d15b26a93e924869226822a7457820226": {
      "source": {
        "path": "CdkPipelineStackdeployDeploymentLambda1C40EC50.template.json",
        "packaging": "file"
      },
      "destinations": {
        "current_account-current_region": {
          "bucketName": "cdk-hnb659fds-assets-${AWS::AccountId}-${AWS::Region}",
          "objectKey": "122321d3e630e5b4fe4746fc32a65a8d15b26a93e924869226822a7457820226",
          "assumeRoleArn": "arn:${AWS::Partition}:iam::${AWS::AccountId}:role/cdk-hnb659fds-file-publishing-role-${AWS::AccountId}-${AWS::Region}"
        }
      }
    }
  },
  "dockerImages": {}
}