{
  "version": "7.0.0",
  "files": {
    "5c945bd5dd43339b29362d9f859ba37818cecd2973ef11b393be019f4cdb0f6b": {
      "source": {
        "path": "CdkPipelineStack.template.json",
        "packaging": "file"
      },
      "destinations": {
        "current_account-us-west-2": {
          "bucketName": "cdk-hnb659fds-assets-${AWS::AccountId}-us-west-2",
          "objectKey": "5c945bd5dd43339b29362d9f859ba37818cecd2973ef11b393be019f4cdb0f6b",
          "region": "us-west-2",
          "assumeRoleArn": "arn:${AWS::Partition}:iam::${AWS::AccountId}:role/cdk-hnb659fds-file-publishing-role-${AWS::AccountId}-us-west-2"
        }
      }
    }
  },
  "dockerImages": {}
}